station_id,lat,lng,state,name
AQW00061705,-14.3306,-170.7136,AS,"PAGO PAGO WSO AP"
FMW00040308,9.4833,138.0833,FM,"YAP ISLAND WSO AP"
FMW00040505,7.4500,151.8333,FM,"CHUUK WSO AP"
GQW00041414,13.5833,144.9167,GU,"GUAM MARSHALL ISLAND"
GQW00041415,13.4836,144.7961,GU,"GUAM INTL AP"
RMW00040604,8.7333,167.7333,MH,"KWAJALEIN"
USC00244558,48.3042,-114.2636,MT,"KALISPELL GLACIER AP"
USW00003017,39.8328,-104.6575,CO,"DENVER INTL AP"
USW00003104,33.6267,-116.1594,CA,"DESERT RESORTS RGNL AP"
USW00003144,32.8342,-115.5786,CA,"IMPERIAL CO AP"
USW00003154,33.3000,-117.3500,CA,"CAMP PENDLETON MCAS"
USW00003159,34.7411,-118.2117,CA,"LANCASTER WM J FOX FLD"
USW00003160,36.6206,-116.0278,NV,"MERCURY DESERT ROCK AP"
USW00003162,36.9261,-111.4478,AZ,"PAGE MUNI AP"
USW00003195,35.9461,-112.1547,AZ,"GRAND CANYON NP AP"
USW00003804,39.3450,-81.4392,WV,"PARKERSBURG WOOD CO AP"
USW00003811,35.5931,-88.9167,TN,"JACKSON MCKELLAR AP"
USW00003812,35.4319,-82.5375,NC,"ASHEVILLE RGNL AP"
USW00003813,32.6847,-83.6528,GA,"MACON MIDDLE GA RGNL AP"
USW00003816,37.0683,-88.7719,KY,"PADUCAH"
USW00003820,33.3644,-81.9633,GA,"AUGUSTA BUSH FLD AP"
USW00003822,32.1300,-81.2100,GA,"SAVANNAH INTL AP"
USW00003850,31.2667,-85.7167,AL,"CAIRNS FLD FT RUCKER"
USW00003852,30.4167,-86.6833,FL,"VALPARAISO HURLBURT FLD"
USW00003855,30.3500,-87.3167,FL,"PENSACOLA FOREST SHERMAN NAS"
USW00003856,34.6439,-86.7861,AL,"HUNTSVILLE INTL AP"
USW00003860,38.3650,-82.5550,WV,"HUNTINGTON TRI STATE AP"
USW00003870,34.8831,-82.2203,SC,"GREER"
USW00003872,37.7836,-81.1231,WV,"BECKLEY RALEIGH CO AP"
USW00003887,39.8344,-88.8656,IL,"DECATUR AP"
USW00003888,33.7792,-84.5214,GA,"ATLANTA FULTON CO AP"
USW00003902,31.0667,-97.8333,TX,"ROBERT GRAY AAF"
USW00003919,38.8000,-97.6500,KS,"SALINA MUNI AP"
USW00003923,37.6167,-97.2667,KS,"WICHITA MCCONNELL AFB"
USW00003927,32.8978,-97.0189,TX,"DALLAS FT WORTH AP"
USW00003928,37.6544,-97.4425,KS,"WICHITA"
USW00003930,34.9167,-92.1500,AR,"LITTLE ROCK AFB"
USW00003931,31.0500,-93.1833,LA,"FT POLK AAF"
USW00003937,30.1250,-93.2158,LA,"LAKE CHARLES"
USW00003940,32.3206,-90.0778,MS,"JACKSON INTL AP"
USW00003945,38.8169,-92.2183,MO,"COLUMBIA RGNL AP"
USW00003947,39.2972,-94.7306,MO,"KANSAS CITY INTL AP"
USW00003954,35.5342,-97.6469,OK,"OKLAHOMA CITY POST AP"
USW00003957,37.2839,-98.5528,KS,"MEDICINE LODGE"
USW00003966,38.6572,-90.6558,MO,"ST LOUIS SPRT OF S L AP"
USW00003975,36.7725,-90.3247,MO,"POPLAR BLUFF MUNI AP"
USW00004724,43.1072,-78.9453,NY,"NIAGARA FALLS INTL AP"
USW00004725,42.1997,-75.9850,NY,"BINGHAMTON"
USW00004726,40.3161,-78.8339,PA,"JOHNSTOWN CAMBRIA CO AP"
USW00004743,43.0833,-70.8167,NH,"PORTSMOUTH PEASE AFB"
USW00004751,41.8031,-78.6403,PA,"BRADFORD RGNL AP"
USW00004787,41.1783,-78.8989,PA,"DUBOIS JEFFERSON CO AP"
USW00004853,41.5175,-81.6836,OH,"CLEVELAND BURKE AP"
USW00012815,28.4339,-81.3250,FL,"ORLANDO INTL AP"
USW00012826,25.4833,-80.3833,FL,"HOMESTEAD AFB"
USW00012833,29.6333,-83.1053,FL,"CROSS CITY AP"
USW00012835,26.5850,-81.8614,FL,"FT MYERS PAGE FLD AP"
USW00012836,24.5550,-81.7522,FL,"KEY WEST INTL AP"
USW00012838,28.1011,-80.6439,FL,"MELBOURNE INTL AP"
USW00012839,25.7906,-80.3164,FL,"MIAMI INTL AP"
USW00012841,28.5453,-81.3331,FL,"ORLANDO EXECUTIVE AP"
USW00012842,27.9619,-82.5403,FL,"TAMPA INTL AP"
USW00012844,26.6847,-80.0994,FL,"WEST PALM BEACH INTL AP"
USW00012850,24.5833,-81.6833,FL,"KEY WEST NAS"
USW00012854,28.7797,-81.2436,FL,"ORLANDO SANFORD AP"
USW00012873,27.9106,-82.6875,FL,"ST PETERSBURG INTL AP"
USW00012888,25.6475,-80.4331,FL,"MIAMI KENDALL TAMIAMI EXEC AP"
USW00012894,26.5361,-81.7550,FL,"FT MYERS SW FL RGNL AP"
USW00012909,29.3833,-98.5833,TX,"SAN ANTONIO KELLY AFB"
USW00012912,28.8614,-96.9303,TX,"VICTORIA RGNL AP"
USW00012916,29.9933,-90.2511,LA,"NEW ORLEANS INTL AP"
USW00012917,29.9506,-94.0206,TX,"PORT ARTHUR SE TX AP"
USW00012919,25.9156,-97.4186,TX,"BROWNSVILLE"
USW00012921,29.5442,-98.4839,TX,"SAN ANTONIO INTL AP"
USW00012924,27.7839,-97.5108,TX,"CORPUS CHRISTI"
USW00012926,27.6833,-97.2833,TX,"CORPUS CHRISTI NAS"
USW00012932,27.7411,-98.0247,TX,"ALICE INTL AP"
USW00012935,28.7247,-96.2536,TX,"PALACIOS MUNI AP"
USW00012959,26.1839,-98.2539,TX,"MCALLEN MILLER INTL AP"
USW00012960,29.9800,-95.3600,TX,"HOUSTON INTERCONT AP"
USW00012962,29.3600,-99.1742,TX,"HONDO MUNI AP"
USW00013702,37.0833,-76.3500,VA,"LANGLEY AFB"
USW00013705,38.8167,-76.8667,MD,"CAMP SPRINGS ANDREWS AFB"
USW00013707,39.1333,-75.4667,DE,"DOVER AFB"
USW00013713,35.3444,-77.9647,NC,"GOLDSBORO 4 SE"
USW00013714,35.1739,-79.0089,NC,"POPE AFB"
USW00013721,38.3000,-76.4167,MD,"PATUXENT RIVER NAS"
USW00013722,35.8922,-78.7819,NC,"RALEIGH DURHAM INTL AP"
USW00013723,36.0969,-79.9433,NC,"PIEDMONT TRIAD INTL AP"
USW00013729,38.8853,-79.8528,WV,"ELKINS RANDOLPH CO AP"
USW00013733,37.3208,-79.2067,VA,"LYNCHBURG RGNL AP"
USW00013734,39.4019,-77.9844,WV,"MARTINSBURG E WV RGNL AP"
USW00013735,39.3667,-75.0667,NJ,"MILLVILLE MUNI AP"
USW00013736,39.6428,-79.9164,WV,"MORGANTOWN HART FLD"
USW00013737,36.9033,-76.1922,VA,"NORFOLK INTL AP"
USW00013739,39.8683,-75.2311,PA,"PHILADELPHIA INTL AP"
USW00013740,37.5050,-77.3203,VA,"RICHMOND INTL AP"
USW00013741,37.3169,-79.9742,VA,"ROANOKE RGNL AP"
USW00013743,38.8483,-77.0342,VA,"WASHINGTON REAGAN AP"
USW00013744,34.1853,-79.7239,SC,"FLORENCE RGNL AP"
USW00013750,36.9500,-76.2833,VA,"NORFOLK NAS"
USW00013754,34.9000,-76.8833,NC,"CHERRY POINT MCAS"
USW00013769,36.8167,-76.0333,VA,"OCEANA NAS"
USW00013773,38.5000,-77.3000,VA,"QUANTICO MCAS"
USW00013802,38.5200,-89.8467,IL,"BELLEVILLE SIU RSCH"
USW00013806,36.6667,-87.4833,KY,"FT CAMPBELL AAF"
USW00013807,37.9000,-85.9667,KY,"GODMAN AFBU FT KNOX"
USW00013810,38.2281,-85.6636,KY,"LOUISVILLE BOWMAN FLD"
USW00013824,32.0167,-81.1333,GA,"SAVANNAH HUNTER FLD"
USW00013829,32.3500,-85.0000,GA,"FT BENNING LAWSON FLD"
USW00013840,39.8333,-84.0500,OH,"WRIGHT PATTERSON AFB"
USW00013846,30.0667,-85.5833,FL,"TYNDALL AFB"
USW00013849,33.9667,-80.4667,SC,"SUMTER SHAW AFB"
USW00013857,30.9667,-83.2000,GA,"VALDOSTA MOODY AFB"
USW00013858,30.4833,-86.5167,FL,"VALPARAISO EGLIN AFB"
USW00013860,32.6333,-83.6000,GA,"WARNER ROBINS AFB"
USW00013865,32.3347,-88.7442,MS,"MERIDIAN KEY FLD"
USW00013866,38.3794,-81.5900,WV,"CHARLESTON YEAGER AP"
USW00013869,31.5356,-84.1944,GA,"ALBANY SW GA RGNL AP"
USW00013871,33.5872,-85.8556,AL,"ANNISTON METRO AP"
USW00013873,33.9481,-83.3275,GA,"ATHENS BEN EPPS AP"
USW00013874,33.6300,-84.4417,GA,"ATLANTA HARTSFIELD INTL AP"
USW00013876,33.5656,-86.7450,AL,"BIRMINGHAM AP"
USW00013878,31.1522,-81.3908,GA,"BRUNSWICK MALCOLM MCKINNON AP"
USW00013880,32.8986,-80.0403,SC,"CHARLESTON INTL AP"
USW00013881,35.2236,-80.9553,NC,"CHARLOTTE DOUGLAS AP"
USW00013882,35.0311,-85.2014,TN,"CHATTANOOGA LOVELL AP"
USW00013883,33.9486,-81.1186,SC,"COLUMBIA"
USW00013889,30.4844,-81.7019,FL,"JACKSONVILLE"
USW00013891,35.8181,-83.9858,TN,"KNOXVILLE MCGHEE TYSON AP"
USW00013893,35.0564,-89.9864,TN,"MEMPHIS INTL AP"
USW00013894,30.6794,-88.2397,AL,"MOBILE"
USW00013895,32.2997,-86.4075,AL,"MONTGOMERY AP"
USW00013896,34.7442,-87.5997,AL,"MUSCLE SHOALS RGNL AP"
USW00013897,36.1189,-86.6892,TN,"NASHVILLE INTL AP"
USW00013899,30.4781,-87.1869,FL,"PENSACOLA RGNL AP"
USW00013919,35.4167,-97.3833,OK,"OKLAHOMA CITY TINKER AFB"
USW00013920,38.9503,-95.6639,KS,"TOPEKA FORBES FLD"
USW00013930,38.7167,-93.5500,MO,"WHITEMAN AFB"
USW00013942,32.5156,-92.0406,LA,"MONROE RGNL AP"
USW00013957,32.4506,-93.8411,LA,"SHREVEPORT"
USW00013959,31.6189,-97.2283,TX,"WACO RGNL AP"
USW00013962,32.4106,-99.6822,TX,"ABILENE RGNL AP"
USW00013963,34.7272,-92.2389,AR,"LITTLE ROCK AP ADAMS FLD"
USW00013964,35.3331,-94.3625,AR,"FT SMITH RGNL AP"
USW00013966,33.9786,-98.4928,TX,"WICHITA FALLS MUNI AP"
USW00013967,35.3889,-97.6006,OK,"OKLAHOMA CITY WILL ROGERS AP"
USW00013968,36.1994,-95.8872,OK,"TULSA INTL AP"
USW00013973,30.5108,-99.7664,TX,"JUNCTION KIMBLE CO AP"
USW00013976,30.2050,-91.9875,LA,"LAFAYETTE RGNL AP"
USW00013977,33.4536,-94.0075,AR,"TEXARKANA WEBB FLD"
USW00013984,39.5514,-97.6508,KS,"CONCORDIA MUNI AP"
USW00013985,37.7608,-99.9683,KS,"DODGE CITY"
USW00013987,37.1467,-94.5022,MO,"JOPLIN REGIONAL AIRPORT"
USW00013988,39.1208,-94.5969,MO,"KANSAS CITY DOWNTOWN AP"
USW00013994,38.7525,-90.3736,MO,"ST LOUIS LAMBERT INTL AP"
USW00013995,37.2353,-93.4003,MO,"SPRINGFIELD"
USW00013996,39.0725,-95.6261,KS,"TOPEKA MUNI AP"
USW00014605,44.3206,-69.7972,ME,"AUGUSTA STATE AP"
USW00014607,46.8706,-68.0172,ME,"CARIBOU MUNI AP"
USW00014609,46.1236,-67.7928,ME,"HOULTON INTL AP"
USW00014706,40.0167,-74.6000,NJ,"MCGUIRE AFB"
USW00014710,42.9333,-71.4383,NH,"MANCHESTER AP"
USW00014715,44.0500,-75.7333,NY,"WHEELER SACK FLD AAF"
USW00014732,40.7794,-73.8803,NY,"NEW YORK LAGUARDIA AP"
USW00014733,42.9486,-78.7369,NY,"BUFFALO"
USW00014734,40.6825,-74.1694,NJ,"NEWARK INTL AP"
USW00014735,42.7431,-73.8092,NY,"ALBANY AP"
USW00014736,40.2964,-78.3203,PA,"ALTOONA BLAIR CO AP"
USW00014737,40.6508,-75.4492,PA,"ALLENTOWN INTL AP"
USW00014739,42.3606,-71.0106,MA,"BOSTON LOGAN INTL AP"
USW00014740,41.9381,-72.6825,CT,"HARTFORD BRADLEY INTL AP"
USW00014742,44.4683,-73.1500,VT,"BURLINGTON INTL AP"
USW00014745,43.1953,-71.5011,NH,"CONCORD MUNI AP"
USW00014748,42.1594,-76.8919,NY,"ELMIRA CORNING RGNL AP"
USW00014757,41.6267,-73.8842,NY,"POUGHKEEPSIE DUTCHESS CO AP"
USW00014762,40.3547,-79.9217,PA,"PITTSBURGH ALLEGHENY CO AP"
USW00014764,43.6497,-70.3003,ME,"PORTLAND INTL JETPORT"
USW00014765,41.7219,-71.4325,RI,"PROVIDENCE T F GREEN AP"
USW00014768,43.1167,-77.6767,NY,"ROCHESTER GTR INTL AP"
USW00014771,43.1111,-76.1039,NY,"SYRACUSE HANCOCK INTL AP"
USW00014777,41.3336,-75.7269,PA,"WILKES-BARRE INTL AP"
USW00014778,41.2433,-76.9217,PA,"WILLIAMSPORT"
USW00014804,42.6083,-82.8183,MI,"MT CLEMENS ANG BASE"
USW00014819,41.7861,-87.7522,IL,"CHICAGO MIDWAY AP"
USW00014820,41.4131,-81.8600,OH,"CLEVELAND"
USW00014821,39.9914,-82.8808,OH,"COLUMBUS PORT COLUMBUS INTL AP"
USW00014822,42.4092,-83.0100,MI,"DETROIT CITY AP"
USW00014825,41.0136,-83.6686,OH,"FINDLAY AP"
USW00014826,42.9667,-83.7494,MI,"FLINT BISHOP INTL AP"
USW00014827,40.9706,-85.2064,IN,"FT WAYNE INTL AP"
USW00014833,42.2667,-84.4667,MI,"JACKSON REYNOLDS FLD"
USW00014835,40.4122,-86.9369,IN,"LAFAYETTE PURDUE UNIV AP"
USW00014836,42.7803,-84.5789,MI,"LANSING CAPITAL CITY AP"
USW00014837,43.1406,-89.3453,WI,"MADISON DANE RGNL AP"
USW00014839,42.9550,-87.9044,WI,"MILWAUKEE MITCHELL AP"
USW00014840,43.1711,-86.2367,MI,"MUSKEGON CO AP"
USW00014841,45.5644,-84.7928,MI,"PELLSTON RGNL AP"
USW00014842,40.6675,-89.6839,IL,"PEORIA GTR PEORIA AP"
USW00014845,43.5331,-84.0797,MI,"SAGINAW MBS INTL AP"
USW00014847,46.4794,-84.3572,MI,"SAULT STE MARIE SANDERSON FLD"
USW00014848,41.7072,-86.3164,IN,"SOUTH BEND MICHIANA RGNL AP"
USW00014850,44.7408,-85.5825,MI,"TRAVERSE CITY CHERRY CPTL AP"
USW00014852,41.2544,-80.6739,OH,"YOUNGSTOWN RGNL AP"
USW00014853,42.2333,-83.5333,MI,"DETROIT WILLOW RUN AP"
USW00014858,47.1686,-88.4889,MI,"HANCOCK HOUGHTON CO AP"
USW00014860,42.0800,-80.1825,PA,"ERIE INTL AP"
USW00014895,40.9167,-81.4333,OH,"AKRON CANTON RGNL AP"
USW00014897,44.9258,-89.6256,WI,"WAUSAU DWTN AP"
USW00014898,44.4983,-88.1111,WI,"GREEN BAY"
USW00014910,45.8678,-95.3942,MN,"ALEXANDRIA MUNI AP"
USW00014913,46.8369,-92.2097,MN,"DULUTH"
USW00014914,46.9253,-96.8111,ND,"FARGO HECTOR INTL AP"
USW00014918,48.5614,-93.3981,MN,"INTL FALLS INTL AP"
USW00014919,46.9258,-98.6692,ND,"JAMESTOWN MUNI AP"
USW00014920,43.8789,-91.2528,WI,"LA CROSSE MUNI AP"
USW00014922,44.8831,-93.2289,MN,"MINNEAPOLIS/ST PAUL AP"
USW00014923,41.4653,-90.5233,IL,"MOLINE QUAD CITY INTL AP"
USW00014925,43.9042,-92.4917,MN,"ROCHESTER INTL AP"
USW00014926,45.5433,-94.0514,MN,"ST CLOUD RGNL AP"
USW00014927,44.9319,-93.0556,MN,"ST PAUL DOWNTOWN AP"
USW00014929,45.4558,-98.4131,SD,"ABERDEEN"
USW00014933,41.5339,-93.6531,IA,"DES MOINES INTL AP"
USW00014935,40.9611,-98.3136,NE,"GRAND ISLAND AP"
USW00014936,44.3981,-98.2231,SD,"HURON RGNL AP"
USW00014939,40.8508,-96.7475,NE,"LINCOLN MUNI AP"
USW00014940,43.1544,-93.3269,IA,"MASON CITY MUNI AP"
USW00014941,41.9856,-97.4353,NE,"NORFOLK KARL STEFAN AP"
USW00014942,41.3103,-95.8992,NE,"OMAHA EPPLEY AIRFIELD"
USW00014943,42.3914,-96.3792,IA,"SIOUX CITY GATEWAY AP"
USW00014944,43.5878,-96.7289,SD,"SIOUX FALLS"
USW00014946,44.9047,-97.1494,SD,"WATERTOWN RGNL AP"
USW00014949,41.1167,-95.9167,NE,"BELLEVUE OFFUTT AFB"
USW00014950,41.1078,-92.4467,IA,"OTTUMWA INDUSTRIAL AP"
USW00014990,41.8833,-91.7167,IA,"CEDAR RAPIDS MUNI AP"
USW00014991,44.8664,-91.4878,WI,"EAU CLAIRE RGNL AP"
USW00014992,44.5483,-95.0803,MN,"REDWOOD FALLS MUNI AP"
USW00021504,19.7192,-155.0531,HI,"HILO INTL AP"
USW00022010,29.3783,-100.9269,TX,"DEL RIO INTL AP"
USW00022516,20.8997,-156.4286,HI,"KAHULUI AP"
USW00022519,21.4500,-157.7833,HI,"KANEOHE BAY MCAS"
USW00022521,21.3239,-157.9294,HI,"HONOLULU INTL AP"
USW00022534,21.1544,-157.0961,HI,"MOLOKAI AP"
USW00022536,21.9839,-159.3405,HI,"LIHUE WSO AP 1020.1"
USW00023008,34.3833,-103.3167,NM,"CLOVIS CANNON AFB"
USW00023009,33.3075,-104.5083,NM,"ROSWELL IND AIR PK"
USW00023023,31.9433,-102.1889,TX,"MIDLAND ODESSA"
USW00023034,31.3711,-100.4922,TX,"SAN ANGELO"
USW00023036,39.7167,-104.7500,CO,"AURORA BUCKLEY FLD ANGB"
USW00023040,31.7800,-103.2017,TX,"WINKLER CO AP"
USW00023042,33.6542,-101.8136,TX,"LUBBOCK"
USW00023044,31.8111,-106.3758,TX,"EL PASO INTL AP"
USW00023047,35.2333,-101.7089,TX,"AMARILLO"
USW00023050,35.0419,-106.6156,NM,"ALBUQUERQUE INTL AP"
USW00023051,36.4486,-103.1539,NM,"CLAYTON MUNI AIR PK"
USW00023061,37.4389,-105.8614,CO,"ALAMOSA SAN LUIS AP"
USW00023064,37.9272,-100.7247,KS,"GARDEN CITY RGNL AP"
USW00023065,39.3669,-101.7000,KS,"GOODLAND"
USW00023066,39.1342,-108.5400,CO,"GRAND JUNCTION WALKER FLD"
USW00023067,38.0494,-103.5122,CO,"LA JUNTA MUNI AP"
USW00023070,37.2622,-104.3378,CO,"TRINIDAD PERRY STOKES AP"
USW00023081,35.5144,-108.7939,NM,"GALLUP MUNI AP"
USW00023090,36.7436,-108.2292,NM,"FARMINGTON RGNL AP"
USW00023109,32.1667,-110.8833,AZ,"DAVIS MONTHAN AFB"
USW00023119,33.9000,-117.2500,CA,"MARCH AFB"
USW00023136,34.2167,-119.0833,CA,"CAMARILLO AP"
USW00023152,34.2006,-118.3575,CA,"BURBANK GLENDALE PASADENA AP"
USW00023153,38.0511,-117.0903,NV,"TONOPAH"
USW00023154,39.2953,-114.8467,NV,"ELY YELLAND FLD AP"
USW00023155,35.4344,-119.0542,CA,"BAKERSFIELD AP"
USW00023157,37.3711,-118.3581,CA,"BISHOP AP"
USW00023158,33.6186,-114.7142,CA,"BLYTHE AP"
USW00023160,32.1314,-110.9553,AZ,"TUCSON INTL AP"
USW00023161,34.8536,-116.7858,CA,"BARSTOW DAGGETT AP"
USW00023169,36.0719,-115.1633,NV,"LAS VEGAS MCCARRAN AP"
USW00023174,33.9381,-118.3889,CA,"LOS ANGELES INTL AP"
USW00023183,33.4278,-112.0039,AZ,"PHOENIX SKY HARBOR INTL AP"
USW00023184,34.6517,-112.4208,AZ,"PRESCOTT LOVE FLD"
USW00023185,39.4839,-119.7711,NV,"RENO TAHOE INTL AP"
USW00023188,32.7336,-117.1831,CA,"SAN DIEGO LINDBERGH FLD"
USW00023190,34.4258,-119.8425,CA,"SANTA BARBARA MUNI AP"
USW00023194,35.0281,-110.7208,AZ,"WINSLOW MUNI AP"
USW00023202,38.2667,-121.9333,CA,"TRAVIS AFB"
USW00023225,39.2775,-120.7103,CA,"BLUE CANYON AP"
USW00023230,37.7214,-122.2208,CA,"OAKLAND METRO INTL AP"
USW00023232,38.5069,-121.4950,CA,"SACRAMENTO EXECUTIVE AP"
USW00023234,37.6197,-122.3647,CA,"SAN FRANCISCO INTL AP"
USW00023237,37.8892,-121.2258,CA,"STOCKTON METRO AP"
USW00023273,34.8994,-120.4486,CA,"SANTA MARIA PUBLIC AP"
USW00023275,39.1258,-123.2008,CA,"UKIAH MUNI AP"
USW00024006,44.1500,-103.1000,SD,"ELLSWORTH AFB"
USW00024011,46.7708,-100.7603,ND,"BISMARCK"
USW00024013,48.2553,-101.2733,ND,"MINOT INTL AP"
USW00024015,40.1667,-103.2167,CO,"AKRON WASHINGTON CO AP"
USW00024018,41.1519,-104.8061,WY,"CHEYENNE"
USW00024021,42.8153,-108.7261,WY,"LANDER HUNT FLD AP"
USW00024022,41.3119,-105.6747,WY,"LARAMIE RGNL AP"
USW00024023,41.1214,-100.6694,NE,"NORTH PLATTE RGNL AP"
USW00024027,41.5944,-109.0528,WY,"ROCK SPRINGS AP"
USW00024028,41.8706,-103.5931,NE,"SCOTTSBLUFF HEILIG AP"
USW00024029,44.7694,-106.9689,WY,"SHERIDAN CO AP"
USW00024030,41.1014,-102.9847,NE,"SIDNEY MUNI AP"
USW00024032,42.8783,-100.5500,NE,"VALENTINE MILLER FLD"
USW00024033,45.8069,-108.5422,MT,"BILLINGS LOGAN INTL AP"
USW00024036,47.0492,-109.4578,MT,"LEWISTOWN MUNI AP"
USW00024037,46.4267,-105.8825,MT,"MILES CITY F WILEY FLD"
USW00024046,40.4953,-107.5211,CO,"CRAIG MOFFAT CO AP"
USW00024089,42.8975,-106.4636,WY,"CASPER NATRONA CO AP"
USW00024090,44.0433,-103.0536,SD,"RAPID CITY RGNL AP"
USW00024101,41.1167,-111.9667,UT,"OGDEN HILL AFB"
USW00024106,43.0500,-115.8667,ID,"MTN HOME AFB"
USW00024114,47.6333,-117.6500,WA,"FAIRCHILD AFB"
USW00024121,40.8289,-115.7886,NV,"ELKO RGNL AP"
USW00024127,40.7781,-111.9694,UT,"SALT LAKE CITY INTL AP"
USW00024128,40.9017,-117.8081,NV,"WINNEMUCCA MUNI AP"
USW00024130,44.8428,-117.8086,OR,"BAKER CITY MUNI AP"
USW00024131,43.5667,-116.2406,ID,"BOISE AIR TERMINAL"
USW00024132,45.7881,-111.1608,MT,"BOZEMAN GALLATIN FLD"
USW00024143,47.4733,-111.3822,MT,"GREAT FALLS INTL AP"
USW00024144,46.6056,-111.9636,MT,"HELENA RGNL AP"
USW00024149,46.3747,-117.0156,ID,"LEWISTON NEZ PERCE CO AP"
USW00024152,45.5114,-118.4247,OR,"MEACHAM"
USW00024153,46.9208,-114.0925,MT,"MISSOULA INTL AP"
USW00024155,45.6906,-118.8528,OR,"PENDLETON"
USW00024156,42.9203,-112.5711,ID,"POCATELLO RGNL AP"
USW00024157,47.6217,-117.5281,WA,"SPOKANE INTL AP"
USW00024160,46.0947,-118.2869,WA,"WALLA WALLA RGNL AP"
USW00024164,42.5844,-110.1075,WY,"BIG PINEY MARBLETON AP"
USW00024172,40.0681,-118.5692,NV,"LOVELOCK DERBY FLD"
USW00024207,47.1500,-122.4833,WA,"TACOMA MCCHORD AFB"
USW00024215,41.3325,-122.3328,CA,"MT SHASTA"
USW00024216,40.1519,-122.2536,CA,"RED BLUFF MUNI AP"
USW00024217,48.7939,-122.5372,WA,"BELLINGHAM INTL AP"
USW00024221,44.1278,-123.2206,OR,"EUGENE MAHLON SWEET AP"
USW00024225,42.3811,-122.8722,OR,"MEDFORD ROGUE VLY AP"
USW00024227,46.9733,-122.9033,WA,"OLYMPIA AP"
USW00024229,45.5908,-122.6003,OR,"PORTLAND INTL AP"
USW00024232,44.9050,-123.0011,OR,"SALEM MCNARY FLD"
USW00024233,47.4444,-122.3139,WA,"SEATTLE TACOMA INTL AP"
USW00024234,47.5303,-122.3008,WA,"SEATTLE BOEING FLD"
USW00024235,42.6003,-123.3642,OR,"SEXTON SUMMIT"
USW00024243,46.5683,-120.5428,WA,"YAKIMA AIR TERMINAL"
USW00024257,40.5175,-122.2986,CA,"REDDING MUNI AP"
USW00024283,40.9781,-124.1086,CA,"ARCATA EUREKA AP"
USW00024284,43.4133,-124.2436,OR,"NORTH BEND RGNL AP"
USW00025309,58.3567,-134.5639,AK,"JUNEAU INTL AP"
USW00025325,55.3567,-131.7117,AK,"KETCHIKAN INTL AP"
USW00025333,57.0481,-135.3647,AK,"SITKA AIRPORT"
USW00025339,59.5119,-139.6711,AK,"YAKUTAT STATE AP"
USW00025501,57.7511,-152.4856,AK,"KODIAK AP"
USW00025503,58.6794,-156.6294,AK,"KING SALMON"
USW00025506,59.7494,-154.9089,AK,"ILIAMNA AP"
USW00025507,59.6419,-151.4908,AK,"HOMER AP"
USW00025624,55.2208,-162.7325,AK,"COLD BAY AP"
USW00025713,57.1553,-170.2222,AK,"ST PAUL ISLAND AP"
USW00026401,61.2500,-149.8000,AK,"ELMENDORF AFB"
USW00026409,61.2169,-149.8550,AK,"ANCHORAGE MERRILL FLD"
USW00026410,60.4889,-145.4511,AK,"CORDOVA M K SMITH AP"
USW00026411,64.8039,-147.8761,AK,"FAIRBANKS INTL AP"
USW00026412,62.9614,-141.9292,AK,"NORTHWAY AP"
USW00026415,63.9944,-145.7214,AK,"BIG DELTA AP"
USW00026425,62.1592,-145.4589,AK,"GULKANA AP"
USW00026451,61.1689,-150.0278,AK,"ANCHORAGE INTL AP"
USW00026491,61.1781,-149.9664,AK,"ANCHORAGE LAKE HOOD AP"
USW00026501,64.7367,-156.9344,AK,"GALENA AP"
USW00026510,62.9575,-155.6103,AK,"MCGRATH AP"
USW00026523,60.5797,-151.2392,AK,"KENAI MUNI AP"
USW00026528,62.3200,-150.0950,AK,"TALKEETNA AP"
USW00026533,66.9161,-151.5089,AK,"BETTLES AP"
USW00026615,60.7850,-161.8292,AK,"BETHEL AP"
USW00026616,66.8667,-162.6333,AK,"KOTZEBUE RALPH WEIN AP"
USW00026617,64.5111,-165.4400,AK,"NOME MUNI AP"
USW00027406,70.1917,-148.4772,AK,"DEADHORSE AP"
USW00027502,71.2833,-156.7814,AK,"BARROW POST ROGERS AP"
USW00053909,32.9733,-97.3181,TX,"FT WORTH ALLIANCE AP"
USW00053917,30.0494,-90.0289,LA,"NEW ORLEANS LAKEFRONT AP"
USW00054769,41.9097,-70.7294,MA,"PLYMOUTH MUNI AP"
USW00093010,39.1894,-103.7158,CO,"LIMON WSMO"
USW00093013,38.5050,-107.8975,CO,"MONTROSE RGNL AP"
USW00093033,32.3336,-104.2581,NM,"CARLSBAD CAVERN CITY AP"
USW00093037,38.8100,-104.6883,CO,"COLORADO SPRINGS MUNI AP"
USW00093045,33.2367,-107.2681,NM,"TRUTH OR CONSEQUENCE AP"
USW00093058,38.2900,-104.4983,CO,"PUEBLO MEM AP"
USW00093067,39.5703,-104.8489,CO,"DENVER CENTENNIAL AP"
USW00093084,32.8547,-109.6353,AZ,"SAFFORD MUNI AP"
USW00093112,32.7000,-117.2000,CA,"NORTH ISLAND NAS"
USW00093129,37.7086,-113.0944,UT,"CEDAR CITY MUNI AP"
USW00093141,39.6092,-110.7547,UT,"PRICE CARBON CO AP"
USW00093167,35.2578,-113.9331,AZ,"KINGMAN MOHAVE CO AP"
USW00093193,36.7800,-119.7194,CA,"FRESNO YOSEMITE INTL AP"
USW00093209,35.6697,-120.6283,CA,"PASO ROBLES MUNI AP"
USW00093225,38.6956,-121.5897,CA,"SACRAMENTO METRO AP"
USW00093719,35.0678,-77.0481,NC,"NEW BERN CRAVEN CO AP"
USW00093721,39.1667,-76.6833,MD,"BALTIMORE WASH INTL AP"
USW00093727,34.7000,-77.3833,NC,"NEW RIVER MCAF"
USW00093729,35.2325,-75.6219,NC,"CAPE HATTERAS AP"
USW00093730,39.4494,-74.5672,NJ,"ATLANTIC CITY INTL AP"
USW00093737,35.1333,-78.9333,NC,"FT BRAGG SIMMONS AAF"
USW00093738,38.9408,-77.4636,VA,"WASHINGTON DC DULLES AP"
USW00093740,34.9914,-78.8803,NC,"FAYETTEVILLE RGNL AP"
USW00093741,37.1319,-76.4930,VA,"NEWPORT NEWS INTL AP"
USW00093801,34.3478,-85.1611,GA,"ROME R B RUSSELL AP"
USW00093805,30.3975,-84.3289,FL,"TALLAHASSEE"
USW00093806,33.2119,-87.6161,AL,"TUSCALOOSA MUNI AP"
USW00093808,36.9647,-86.4239,KY,"BOWLING GREEN WARREN CO AP"
USW00093812,39.1033,-84.4189,OH,"CINCINNATI LUNKEN AP"
USW00093814,39.0431,-84.6717,KY,"CINCINNATI NORTHERN KY AP"
USW00093815,39.9061,-84.2186,OH,"DAYTON INTL AP"
USW00093817,38.0442,-87.5206,IN,"EVANSVILLE REGIONAL AP"
USW00093819,39.7075,-86.2803,IN,"INDIANAPOLIS"
USW00093820,38.0408,-84.6058,KY,"LEXINGTON BLUEGRASS AP"
USW00093821,38.1811,-85.7392,KY,"LOUISVILLE INTL AP"
USW00093822,39.8447,-89.6839,IL,"SPRINGFIELD CAPITAL AP"
USW00093824,39.9444,-81.8922,OH,"ZANESVILLE MUNI AP"
USW00093831,32.4833,-80.7167,SC,"BEAUFORT MCAS"
USW00093837,30.2333,-81.6667,FL,"JACKSONVILLE NAS"
USW00093842,32.5161,-84.9422,GA,"COLUMBUS METRO AP"
USW00093845,30.7825,-83.2767,GA,"VALDOSTA RGNL AP"
USW00093862,34.2622,-88.7714,MS,"TUPELO RGNL AP"
USW00093919,31.1828,-90.4708,MS,"MCCOMB/PIKE CO/JOHN E LEWIS AP"
USW00093950,34.8822,-95.7831,OK,"MCALESTER RGNL AP"
USW00093986,34.9894,-99.0525,OK,"HOBART MUNI AP"
USW00093987,31.2361,-94.7544,TX,"LUFKIN ANGELINA CO AP"
USW00093988,34.1750,-91.9347,AR,"PINE BLUFF GRIDER FLD"
USW00093992,33.2208,-92.8142,AR,"EL DORADO S AR RGNL AP"
USW00093993,36.0097,-94.1694,AR,"FAYETTEVILLE DRAKE FLD"
USW00093997,38.8761,-98.8092,KS,"RUSSELL MUNI AP"
USW00094008,48.2138,-106.6213,MT,"GLASGOW INTL AP"
USW00094011,48.4167,-101.3500,ND,"MINOT AFB"
USW00094012,48.5428,-109.7633,MT,"HAVRE CITY CO AP"
USW00094014,48.1739,-103.6367,ND,"WILLISTON SLOULIN INTL AP"
USW00094023,44.3394,-105.5419,WY,"GILLETTE CAMPBELL AP"
USW00094032,43.7331,-103.6114,SD,"CUSTER CO AP"
USW00094176,47.6831,-117.3214,WA,"SPOKANE FELTS FLD"
USW00094185,43.5950,-118.9564,OR,"BURNS MUNI AP"
USW00094224,46.1569,-123.8825,OR,"ASTORIA RGNL AP"
USW00094236,42.1469,-121.7242,OR,"KLAMATH FALLS INTL AP"
USW00094239,47.3978,-120.2014,WA,"WENATCHEE PANGBORN AP"
USW00094240,47.9375,-124.5550,WA,"QUILLAYUTE STATE AP"
USW00094261,45.5406,-122.9486,OR,"PORTLAND-HILLSBORO AP"
USW00094702,41.1583,-73.1289,CT,"BRIDGEPORT SIKORSKY MEM AP"
USW00094705,44.2033,-72.5794,VT,"BARRE MONTPELIER AP"
USW00094725,44.9358,-74.8458,NY,"MASSENA INTL AP"
USW00094732,40.0819,-75.0111,PA,"PHILADELPHIA NE AP"
USW00094741,40.8500,-74.0614,NJ,"TETERBORO AP"
USW00094745,41.0669,-73.7075,NY,"WESTCHESTER CO AP"
USW00094789,40.6386,-73.7622,NY,"NEW YORK JFK INTL AP"
USW00094790,43.9922,-76.0217,NY,"WATERTOWN INTL AP"
USW00094814,44.3592,-84.6739,MI,"HOUGHTON LK ROSCOMMON AP"
USW00094822,42.1928,-89.0931,IL,"ROCKFORD GTR ROCKFORD AP"
USW00094823,40.4847,-80.2144,PA,"PITTSBURGH INTL AP"
USW00094830,41.5886,-83.8014,OH,"TOLEDO EXPRESS AP"
USW00094846,41.9950,-87.9336,IL,"CHICAGO OHARE INTL AP"
USW00094847,42.2314,-83.3308,MI,"DETROIT METRO AP"
USW00094849,45.0717,-83.5644,MI,"ALPENA CO RGNL AP"
USW00094860,42.8939,-85.5447,MI,"GRAND RAPIDS"
USW00094892,41.9144,-88.2464,IL,"WEST CHICAGO DUPAGE AP"
USW00094908,42.3978,-90.7036,IA,"DUBUQUE RGNL AP"
USW00094910,42.5544,-92.4011,IA,"WATERLOO MUNI AP"
USW00094925,47.9667,-97.4000,ND,"GRAND FORKS AF"
USW00094931,47.3864,-92.8389,MN,"HIBBING CHISHOLM HIBBING AP"
USW00094938,46.4047,-94.1308,MN,"BRAINERD CROW WING CO AP"
USW00094949,40.6044,-98.4272,NE,"HASTINGS MUNI AP"
USW00094950,43.7667,-98.0333,SD,"MITCHELL MUNI AP"
USW00094961,48.7167,-94.6000,MN,"BAUDETTE INTL AP"
USW00094967,46.9006,-95.0678,MN,"PARK RAPIDS MUNI AP"
USW00094985,44.6381,-90.1875,WI,"MARSHFIELD MUNI AP"
